{
  "train_loss": [
    1.4899983392571503,
    1.2054562052626494,
    1.1846216606643964,
    1.209421159250717,
    1.1459272235230293,
    1.1241281786376254,
    1.0894518927422496,
    1.0447510385127723,
    1.0388355318748084,
    1.0348593326270419,
    1.034942704519493,
    1.0621553690928334,
    1.0855141973881066,
    1.020048189420263,
    0.9981525538745274,
    0.963584566116333,
    0.9606972586755161,
    0.9643110165056192,
    0.9955318245926315,
    0.9549239508546588,
    0.8923500216874793,
    0.9544038938383529,
    0.9325177825364783,
    0.8814905596550584,
    0.8865600766840007,
    0.8592522726547365,
    0.876240686971865,
    0.854569015798543,
    0.822613861040285,
    0.8798915758287168,
    0.8586391222123508,
    0.861285471273561,
    0.8832876351323089,
    0.8473901785930212,
    0.8755960464477539,
    0.7845475828229899,
    0.8407488724934765,
    0.8232980979420746,
    0.7977189100656227,
    0.7790263147688298,
    0.8494763936315264,
    0.7139638119309417,
    0.7733948347703465,
    0.8279716373453886,
    0.7976753621088527,
    0.7416208775538319,
    0.7634290205500518,
    0.7966903885741118
  ],
  "train_acc": [
    0.4371967654986523,
    0.5153638814016173,
    0.568733153638814,
    0.5153638814016173,
    0.5153638814016173,
    0.5509433962264151,
    0.5353099730458221,
    0.6064690026954178,
    0.6194070080862534,
    0.5671159029649596,
    0.567654986522911,
    0.601078167115903,
    0.5568733153638814,
    0.6086253369272238,
    0.628032345013477,
    0.6393530997304582,
    0.5951482479784367,
    0.6070080862533692,
    0.6183288409703505,
    0.613477088948787,
    0.7078167115902965,
    0.6587601078167116,
    0.6307277628032345,
    0.6566037735849056,
    0.6231805929919138,
    0.6754716981132075,
    0.6436657681940701,
    0.6566037735849056,
    0.690566037735849,
    0.6722371967654986,
    0.6727762803234502,
    0.7018867924528301,
    0.6803234501347709,
    0.6140161725067386,
    0.6690026954177898,
    0.6663072776280323,
    0.6716981132075471,
    0.6517520215633423,
    0.7293800539083558,
    0.7644204851752021,
    0.7358490566037735,
    0.769811320754717,
    0.726145552560647,
    0.663611859838275,
    0.7407008086253369,
    0.7536388140161725,
    0.6954177897574124,
    0.6776280323450135
  ],
  "val_loss": [
    1.2405440384341824,
    1.1043623455109135,
    1.2124461973867109,
    1.1539107984112156,
    1.0425833848214918,
    0.9776259968357701,
    0.8968040347099304,
    1.0236414786308043,
    0.9413867150583575,
    0.8601434365395577,
    0.8394852299844066,
    1.1739610702760759,
    0.9523886557548277,
    0.8212504732993341,
    0.7714054699867002,
    0.891995168501331,
    0.7912755089421426,
    0.8764889817084035,
    0.8574365338971538,
    0.7793555182795371,
    0.8076047897338867,
    0.8466143377365605,
    0.8174713080929171,
    0.7618538602705924,
    0.8153003992572907,
    0.8249420427506969,
    0.7466190284298312,
    0.7634635663801624,
    0.7727611295638546,
    0.7234272226210563,
    0.7923292383070915,
    0.7318069011934342,
    0.7748077031104795,
    0.7483781499247397,
    0.7659691995190036,
    0.6412914260741203,
    0.6634616313442108,
    0.7105304002761841,
    0.7191443020297635,
    0.6651056389654836,
    0.6536357441256123,
    0.6309502509332472,
    0.6292666581369215,
    0.7180920339399769,
    0.7320723052947752,
    0.6588982305219097,
    0.7212988753472606,
    0.6721808679642216
  ],
  "val_acc": [
    0.5564516129032258,
    0.6290322580645161,
    0.6048387096774194,
    0.5806451612903226,
    0.6411290322580645,
    0.7096774193548387,
    0.7338709677419355,
    0.6693548387096774,
    0.7379032258064516,
    0.7580645161290323,
    0.7983870967741935,
    0.5685483870967742,
    0.7459677419354839,
    0.7903225806451613,
    0.8225806451612904,
    0.7419354838709677,
    0.7983870967741935,
    0.7580645161290323,
    0.7741935483870968,
    0.8185483870967742,
    0.782258064516129,
    0.7580645161290323,
    0.7903225806451613,
    0.842741935483871,
    0.8024193548387096,
    0.7903225806451613,
    0.8508064516129032,
    0.8185483870967742,
    0.8387096774193549,
    0.842741935483871,
    0.8104838709677419,
    0.8306451612903226,
    0.8145161290322581,
    0.8508064516129032,
    0.842741935483871,
    0.9032258064516129,
    0.8548387096774194,
    0.8669354838709677,
    0.875,
    0.8830645161290323,
    0.8870967741935484,
    0.9032258064516129,
    0.9032258064516129,
    0.8709677419354839,
    0.842741935483871,
    0.8951612903225806,
    0.8548387096774194,
    0.8629032258064516
  ],
  "lr": [
    0.0001,
    0.00039999999999999996,
    0.0006999999999999999,
    0.001,
    0.0009992415174584414,
    0.0009969683733203158,
    0.0009931874710496598,
    0.000987910293122404,
    0.0009811528661544705,
    0.000972935712229467,
    0.0009632837865737935,
    0.0009522264017684402,
    0.0009397971387276415,
    0.0009260337447147447,
    0.0009109780187050102,
    0.0008946756844434989,
    0.00087717625158356,
    0.0008585328653276417,
    0.0008388021450270581,
    0.0008180440122308794,
    0.0007963215087061579,
    0.0007737006049821526,
    0.0007502500000000004,
    0.0007260409124762896,
    0.0007011468646141585,
    0.0006756434588187812,
    0.0006496081480953467,
    0.0006231200008268294,
    0.0005962594606459075,
    0.0005691081021302949,
    0.0005417483830634303,
    0.0005142633940128971,
    0.0004867366059871033,
    0.0004592516169365703,
    0.00043189189786970524,
    0.0004047405393540928,
    0.0003778799991731709,
    0.00035139185190465364,
    0.0003253565411812194,
    0.0002998531353858419,
    0.00027495908752371096,
    0.0002507500000000002,
    0.00022729939501784792,
    0.0002046784912938426,
    0.00018295598776912113,
    0.00016219785497294232,
    0.0001424671346723587,
    0.0001238237484164404
  ]
}