{
  "train_loss": [
    1.4611868186866517,
    0.8776269233280927,
    0.7316642320442324,
    0.6430644008882783,
    0.5987008129676235,
    0.6470547169543643,
    0.6470413294649217,
    0.5450667503358171,
    0.5688608766453054,
    0.6013551593445711,
    0.5573833890737921,
    0.5335311809582497,
    0.5138698566431816,
    0.5099098791865696,
    0.506367147239596,
    0.5297713053837603,
    0.47544409600579063,
    0.4708357096337251,
    0.49174219073992437,
    0.4803486068398824,
    0.48081800915992234,
    0.4922383534761314,
    0.48887077138301693,
    0.5003955444293235,
    0.5133698544743617,
    0.4989197919076329,
    0.5007220819969598,
    0.4721502959534845,
    0.48460614224829357,
    0.5094773233671764
  ],
  "train_acc": [
    0.4743672939649578,
    0.736534717715769,
    0.8221933809214795,
    0.8020765736534717,
    0.8617780661907852,
    0.8260869565217391,
    0.8189487345879299,
    0.8598312783906554,
    0.8157040882543802,
    0.8429591174561972,
    0.853990914990266,
    0.8786502271252433,
    0.881894873458793,
    0.8981181051265412,
    0.8507462686567164,
    0.8948734587929915,
    0.9156391953277093,
    0.9325113562621674,
    0.9305645684620376,
    0.853990914990266,
    0.9156391953277093,
    0.8682673588578845,
    0.8643737832576249,
    0.8533419857235561,
    0.8805970149253731,
    0.8572355613238157,
    0.9227774172615185,
    0.9565217391304348,
    0.8442569759896171,
    0.8916288124594419
  ],
  "val_loss": [
    1.2113350534819036,
    0.5540659232918485,
    0.5377633854212513,
    0.5281031872646742,
    0.5202496417490134,
    0.5158493309856886,
    0.4983802791610657,
    0.4968249023673069,
    0.47855712051885535,
    0.47012258074673047,
    0.46658952753857313,
    0.4804609021342608,
    0.45882617619883015,
    0.4595993619516076,
    0.4583964661298045,
    0.4533502295672656,
    0.4527429812457932,
    0.44861701950134036,
    0.44845764879211486,
    0.4505337324750376,
    0.4530003692999304,
    0.4477019597334691,
    0.450289819582525,
    0.44848524859227035,
    0.45290609279951727,
    0.44825901405744817,
    0.4447784578182783,
    0.44467770697111153,
    0.4469267072905582,
    0.44639776664901065
  ],
  "val_acc": [
    0.8167330677290837,
    0.9641434262948207,
    0.9601593625498008,
    0.9601593625498008,
    0.9681274900398407,
    0.9721115537848606,
    0.9641434262948207,
    0.9721115537848606,
    0.9721115537848606,
    0.9641434262948207,
    0.9721115537848606,
    0.9721115537848606,
    0.9760956175298805,
    0.9721115537848606,
    0.9681274900398407,
    0.9721115537848606,
    0.9760956175298805,
    0.9800796812749004,
    0.9721115537848606,
    0.9760956175298805,
    0.9681274900398407,
    0.9721115537848606,
    0.9800796812749004,
    0.9840637450199203,
    0.9721115537848606,
    0.9800796812749004,
    0.9800796812749004,
    0.9840637450199203,
    0.9760956175298805,
    0.9721115537848606
  ],
  "lr": [
    0.0001,
    0.00055,
    0.001,
    0.0007502500000000002,
    0.00025075000000000016,
    1e-05,
    5.5e-05,
    0.0001,
    9.953895432879837e-05,
    9.816440572371606e-05,
    9.590195942451992e-05,
    9.279376052505117e-05,
    8.889770888986878e-05,
    8.428638058932337e-05,
    7.904567594468591e-05,
    7.327321936769202e-05,
    6.707654080246381e-05,
    6.057107264610536e-05,
    5.387799946155122e-05,
    4.712200053844878e-05,
    4.0428927353894616e-05,
    3.392345919753618e-05,
    2.7726780632307966e-05,
    2.1954324055314077e-05,
    1.6713619410676614e-05,
    1.2102291110131223e-05,
    8.206239474948825e-06,
    5.098040575480073e-06,
    2.835594276283937e-06,
    1.4610456712016328e-06
  ],
  "phase": [
    "Phase1-head",
    "Phase1-head",
    "Phase1-head",
    "Phase1-head",
    "Phase1-head",
    "Phase2-finetune",
    "Phase2-finetune",
    "Phase2-finetune",
    "Phase2-finetune",
    "Phase2-finetune",
    "Phase2-finetune",
    "Phase2-finetune",
    "Phase2-finetune",
    "Phase2-finetune",
    "Phase2-finetune",
    "Phase2-finetune",
    "Phase2-finetune",
    "Phase2-finetune",
    "Phase2-finetune",
    "Phase2-finetune",
    "Phase2-finetune",
    "Phase2-finetune",
    "Phase2-finetune",
    "Phase2-finetune",
    "Phase2-finetune",
    "Phase2-finetune",
    "Phase2-finetune",
    "Phase2-finetune",
    "Phase2-finetune",
    "Phase2-finetune"
  ]
}